news_id,average followers,average follows,repost total,post total,repost percentage,average repost,average favorite,label,news lifetime,average time difference,nb users 10 hours,retweet percentage 1 hour
gossipcop-894416,3846.8709677419356,975.7096774193549,32,25,0.5614035087719298,0.0,,1,,,,0.017543859649122806
gossipcop-930832,1484.3677130044844,568.4484304932736,28410,93,0.9967371855594148,0.0,,1,,,,3.5084026242851626e-05
