news_id,average followers,average follows,repost total,post total,average favorite,news lifetime,average time difference,repost percentage,label,retweet percentage 1 hour,nb users 10 hours,average repost
gossipcop-894416,3848.3225806451615,975.7096774193549,32,25,20.193548387096776,395008360.589,0.0,0.5614035087719298,1,0.017543859649122806,1,2.6666666666666665
gossipcop-930832,1486.578475336323,571.609865470852,28814,93,243.1121076233184,2127970.395,0.0,0.9967827861763586,1,3.459369702840143e-05,14,99.24862490054312
